text_id,sentence_id,Text Ele Sentence,Text Adv Sentence
1_10_1,1,"The Greek island of Agios Efstratios is very remote. It has been forgotten by the banks, the government and most of the modern world. It doesn't have a single ATM or credit-card machine.","Agios Efstratios is so remote, so forgotten by the banks, the government and most of the modern world that the mobile phone network can't process data and there isn't a single ATM or credit-card credit-card machine on the island. "
1_10_1,2," Before the economic crisis in Greece, the people of this peaceful island in the northern Aegean lived quite well. ","Before Greece was plunged into financial chaos, residents of this tranquil outpost in the northern Aegean managed quite well. "
1_10_1,3,"The few rooms to rent were fully booked every summer with people enjoying its empty beaches, clear seas and fresh seafood.","They did their banking at the post office and the few dozen rooms to rent were booked out every summer with people who had heard – by word of mouth – of its spectacular empty beaches, clear seas and fresh seafood."
1_10_2,1,But the island still uses only cash so the closure of the Greek banks has had a serious effect. ,"But, because the island still runs on cash, the closure of banks nationwide has been devastating."
1_10_2,2,Local people have to make nine-hour round trips to the nearest big island to get cash. Greek visitors say they don't have enough cash to come.,Residents have been forced to make nine-hour round trips to the nearest big island to get cash and Greek visitors say they can't get together enough cash to come.
1_10_2,3,"“Tourist numbers have reduced by 80% this year,” said Mayor Maria Kakali, in an office in the village where she grew up. The village has about 200 people.","“Tourist numbers are down 80% this year,” said Mayor Maria Kakali, in an office in the village where she grew up, home to around 200 people. "
1_10_2,4," “Even people born here and living in Athens, who have their own places on the island, aren't coming.”","“Even people born here and living in Athens, who have their own places on the island, aren't coming.”"
1_10_3,1,"Kakali has asked the government and a major Greek bank to install an ATM, and this should arrive soon. But tourism is the main business on the island, and she feels the ATM may come too late for this season. “We have almost no reservations in August, when usually we are full.”","Kakali has badgered the government and a major Greek bank into promising an ATM within weeks but she still feels it may come too late for this season on an island where tourism dwarfs the two other sources of income: fishing and agriculture: “We have almost no reservations in August, when usually we have people calling us up asking to find a room and we can't help them.” "
1_10_3,2,But there is an even bigger crisis ahead – the government has said it will end a tax break for islands.,A hard winter ahead may be slightly improved by 50 workers billeted in the village to expand the harbor but there is an even bigger crisis looming because the government has said it will end a decades-old tax break for islands.
1_10_4,1,The sales tax break was created to help people on islands survive when lots of people were emigrating. ,"Created to help island communities survive when they were suffering mass emigration, a lower sales tax contained the costs of living in places where everything had to be imported and made tourism more affordable. "
1_10_4,2,"Islands that are popular with tourists, such as Mykonos, fear that losing the tax break will make things very hard for them. But, for Agios Efstratios, it is a much bigger problem. ","Tourist favorites such as Mykonos fear that losing the tax breaks will make it hard for them to compete with Turkey but, for Agios Efstratios, it poses a far greater threat. "
1_10_4,3,"“If we have to pay a tax of 23%, we will all die on the island,” says Kakali. ","“If we have to pay a tax of 23%, I'm sorry to say it but we will all die on the island,” says Kakali. "
1_10_4,4,"Food and fuel are already more expensive than on mainland Greece. Even in summer, the island has only three shops, two restaurants and not one official hotel. ","Food and fuel are already more expensive than on mainland Greece, there are no economies of scale and little economic flexibility on an island which, even in summer, has only three shops, two restaurants and not a single official hotel. "
1_10_4,5,"“This is an expensive island. Everything, even milk or bread, has been bought and sold three or four times by middlemen before it gets to us and so is very expensive,” said Provatas Costas, a 58-year-old fisherman.","“This is an expensive island. Everything, even milk or bread, has changed hands three or four times before it gets to us and each middleman has to take a profit,” said Provatas Costas, a 58-year-old fisherman."
1_10_5,1,"Things are also difficult for the island of Lemnos, the closest large neighbor of Agios Efstratios. ","For Agios Efstratios and its closest large neighbor, Lemnos, the timing of the crisis is particularly cruel. "
1_10_5,2,People saw the islands as remote for years partly because the only way to get there was by slow and unreliable ferries. ,They were condemned to relative obscurity for years in part because they are served by slow and unreliable ferries. 
1_10_5,3,"In 2015, they finally had new, efficient ferries and this brought many new visitors to explore these islands. But, then, the bank controls began. ","In 2015, the government had finally given the contract to a new, efficient company, drawing floods of new visitors to explore the islands' largely overlooked charms, before the bank controls hit. "
1_10_5,4,"“This season started as the best season in 30 years and, in one week, it became the worst,” said Atzamis Konstantinos, a travel agent in Lemnos.","“This season started out as the best season in 30 years and, in one week, became the worst,” said Atzamis Konstantinos, a travel agent in Lemnos who used to earn €15,000 a month as a captain of petroleum tankers and other large ships but came home because he missed it so much."
1_10_6,1,"Lemnos has wild beaches, where you can swim and sunbathe almost alone, a small nightlife scene and many cultural sites. ","Lemnos has dozens of wild beaches, where even at the height of summer you can swim and sunbathe virtually alone, a small nightlife scene, and numerous cultural sites. "
1_10_6,2,Lemnos is the eighth largest island in Greece so it will have to pay the first round of tax increases in autumn 2015. But Lemnos is far less wealthy than many smaller islands.,Lemnos is the eighth largest island in Greece so it is in line for the first round of tax increases in autumn 2015 but far less wealthy than many smaller ones. 
1_10_6,3,"It has just over 3,000 beds for visitors – Rhodes, for example, has tens of thousands of beds. ","It has just over 3,000 beds for visitors, compared with tens of thousands on an island such as Rhodes."
1_10_6,4,"“We have been suffering economically in recent years and now we will suffer more,” said Lemnos Mayor, Dimitris Marinakis.","Its councilors say that they will fight the tax rise, although none can say how. “We have been suffering economically in recent years and, now, we will suffer more,” said Lemnos Mayor, Dimitris Marinakis. “When there is not enough money, you reduce your consumption and therefore the whole economy declines.”"
1_10_7,1,"If taxes go up, more young people will leave, warns Mayor Kakali. ","If taxes go up, even more young people will leave, warns Mayor Kakali, who has devoted her year in office to improving education on the island to help keep it an attractive place for families. "
1_10_7,2,"Because it is one of the smallest islands, Agios Efstratios will not have to pay the tax increase until 2017. And Kakali hopes the political situation in Greece will change before then. ","Because it is one of the smallest islands, Agios Efstratios has until 2017 before the rise is due to come in, so Kakali hopes that the roller coaster of Greek politics means it yet may be spared. "
1_10_7,3,"But, if not, she plans to travel to Athens to remind the distant government what the tax rise would cost. ","If not, though, she plans to travel to Athens to remind the distant government what the tax rise would cost. "
1_10_7,4,"“The government doesn't pay much attention to the islands of the north Aegean,” she said, “so I would take all the kids from our school to the gates of parliament, to tell them: ‘There is still life in these islands'.”","“The truth is the government doesn't pay much attention to the islands of the north Aegean,” she said, “so I would take all the kids from our school to the gates of parliament, to tell them: ‘There is still life in these islands'.”"
1_1_1,1,"A car with a maximum speed of 25 miles per hour, two seats and no pedals or steering wheel does not sound very interesting. ","Unveiling a car with a top speed of 25mph, two seats and no pedals or steering wheel might not make much of an impression at a motor show. "
1_1_1,2,"But Google, in the US, shocked the car and taxi industries when it unveiled the latest version of its driverless car. ","But Google, in the US, sent a minor earthquake through the car and taxi industries as it unveiled the latest version of its driverless car."
1_1_1,3,"Google has begun testing the electric car at its headquarters in Mountain View, California. The car does not have all the normal car controls, such as foot pedals. ","The electrically powered vehicle, which Google has begun testing around its headquarters in Mountain View, California, dispenses with all the normal controls, including foot pedals. "
1_1_1,4,"Instead, it has a smartphone app that calls it and tells it the destination, and a STOP button between the two seats in case the passengers need to override the computer.","Instead, it has a smartphone app that summons it and tells it the destination, and a single STOP button mounted between the two front-facing seats in case the occupants need to override the computer."
1_1_2,1,,"The car, in fact, takes over all the tasks of navigation, steering, acceleration and braking. "
1_1_2,2,The company is building about 100 prototypes for a two-year test. ,The company is building about 100 prototypes for a two-year test. 
1_1_2,3,"The company's co-founder, Sergey Brin, said that the vehicle was still just a prototype. He says that they want to change the world for people who do not find it easy to use transportation today. ","The company's co-founder, Sergey Brin, told a conference in California that the vehicle was “still in the prototype stage” but that the project was “about changing the world for people who are not well served by transportation today.” "
1_1_2,4,"Talking about the car, he said, “You're just sitting there; no steering wheel, no pedals. For me, it was very relaxing. ","He said of the car: “You're just sitting there; no steering wheel, no pedals. For me, it was very relaxing. "
1_1_2,5,"About ten seconds after getting into the car, I forgot I was there. I found it really fun.”","About ten seconds after getting in, I forgot I was there. It reminded me of catching a chairlift by yourself – a bit of solitude I found really enjoyable.”"
1_1_3,1,"Google says that the aim of the project is to improve safety. They say that the car is made with foam at the front and a plastic windscreen, so “it should be far safer than any other car for pedestrians.” ","Google says that the principal aim of the project is to improve safety and that, because the car is constructed with impact-absorbing foam at the front and a plastic windscreen, “it should be far safer than any other car for pedestrians”. "
1_1_3,2,The cars have been built specially by a company in Detroit.,"The cars, which have been built specially by a company (as yet unnamed) in Detroit, will be used to investigate further how best to make driverless vehicles work. "
1_1_3,3," Google will now test the cars, which are not yet for sale.","Google will now run a program to test the cars further, which are not yet for sale."
1_1_4,1,"There need to be detailed scans of the roads before the cars can drive on them, because they cannot collect and process enough information in real time. ",One challenge is creating high-definition scans of the roads and surroundings before the cars can drive along them because they cannot gather and process enough information in real time. 
1_1_4,2,"So far, there are detailed maps of about 2,000 miles of California's roads, but California has more than 170,000 miles of roads.","So far, there are high-detail maps of about 2,000 miles of California's roads, but the state has more than 170,000 miles of public roads. "
1_1_4,3,Google says it wants to license the technology to traditional car makers when they have improved it.,Google says it is interested in licensing the technology to traditional vehicle manufacturers once it has refined it sufficiently. 
1_1_4,4,,"Members of the team had been working on the project even before joining Google, for more than a decade."
1_1_5,1,But the idea that driverless cars will replace taxis with human drivers has alarmed some people. ,But the prospect of driverless cars replacing human-driven taxis has been the cause of some alarm. 
1_1_5,2,Dennis Conyon from the UK National Taxi Association said that taxi drivers will become unemployed. ,"“If you get rid of the driver, then they're unemployed,” said Dennis Conyon, the south-east south-east director for the UK National Taxi Association. "
1_1_5,3,,“It would have a major impact on the labor force.” 
1_1_5,4,"London has about 22,000 taxis and Conyon thinks that the total number of people who drive taxis in the UK is about 100,000.","London has about 22,000 licensed cabs and Conyon estimates that the total number of people who drive taxis for hire in the UK is about 100,000."
1_1_6,1,,"However, Steve McNamara, general secretary of the 10,500-strong London Taxi Drivers' Association, said: “You won't get these driverless cars in London for 20 or 25 years. Maybe, by then, they'll have a charge point – because there isn't a single one in London now.” "
1_1_6,2,"Other car makers, including Volvo, Ford and Mercedes, are going to make vehicles that will be different from Google's version because they will have driver controls. ","Other car makers, including Volvo, Ford and Mercedes, are working on driver-assisted vehicles, which, unlike Google's version, do not dispense with the driver controls. "
1_1_6,3,"But Chris Urmson, director of the driverless car project at Google, said that the new prototypes do not have a steering wheel or brakes because a human passenger might not be able to take control in an emergency. He said that it was simpler just to have an emergency stop button.","But Chris Urmson, director of the self-driving car project at Google, said that the new prototypes dispensed with the steering wheel and brakes because there was no guarantee that a human occupant would be able to take over in an emergency, and that it was simpler just to have an emergency stop button."
1_1_7,1,"Urmson said: “The vehicles will be very basic. But they will take you where you want to go at the push of a button. And, that's an important step towards improving road safety and helping millions of people travel around more easily.” ","Urmson said: “The vehicles will be very basic. We want to learn from them and adapt them as quickly as possible. But they will take you where you want to go at the push of a button. And, that's an important step towards improving road safety and transforming mobility for millions of people.” "
1_1_7,2,"So far, the Google versions of the driverless cars have driven 700,000 miles without an accident caused by the computer. ","So far, the Google versions of the self-driving cars have covered 700,000 miles without an accident caused by the computer. "
1_1_7,3,The company says that thousands of people die each year on the roads and that about 80% of crashes are caused by human mistakes.,The company points out that thousands of people die each year on the roads and that about 80% of crashes can be ascribed to human error. 
1_1_7,4,,"But, they could have some way to go to match Conyon at the National Taxi Association. Aged 79, he has been driving a taxi for 50 years and claims never to have had an accident."
1_2_1,1,American researchers say that a nasal spray containing the ‘Love hormone' oxytocin could help children with autism behave more normally in social situations. ,"A nasal spray laced with the ‘Love hormone' oxytocin could help children with autism learn to handle social situations better, US researchers claim. "
1_2_1,2,Scans of autistic children showed that the chemical made the brain respond better to faces. This could make social interactions easier for them.,"Scans of children with autistic spectrum disorder showed that a single dose of the chemical improved brain responses to facial expressions, a shift that could make social interactions feel more natural and rewarding for them. "
1_2_1,3,The researchers said oxytocin might help other treatments that are used to help people with autism in social situations. ,The scientists behind the research said a course of oxytocin might boost the success of behavioral therapies that are already used to help people with autism learn to cope with social situations. 
1_2_1,4,"“Over time, there would be more normal social responding. Autistic people would be more interested in interacting with other people; there would be more eye contact and more conversation,” said Kevin Pelphrey, of Yale University.","“Over time, what you would expect to see is more appropriate social responding, being more interested in interacting with other people, more eye contact and more conversational ability,” said Kevin Pelphrey, director of the Child Neuroscience Lab at Yale University."
1_2_2,1,Autism is a disorder that one in 100 people have. ,Autism is a developmental disorder seen in more than one in 100 people. 
1_2_2,2,"It affects people in different ways, but causes difficulties in social interaction and communication. ","The condition affects individuals in different ways, but is characterized by difficulties in social interaction and communication. "
1_2_2,3,"So far, there is no effective treatment for the social problems that autism causes. ","So far, there is no effective treatment for the social problems caused by autism. "
1_2_2,4,Researchers at Yale have studied the brain chemical oxytocin. They say it is a possible treatment for the social problems caused by autism because it plays an important role in bonding and trust. ,Researchers at Yale have studied the brain chemical oxytocin as a potential treatment for the social impairments caused by autism because it plays a crucial role in bonding and trust. 
1_2_2,5,But not all results are positive: one recent study found no significant benefit for young people who took the chemical for several days. ,"Results have been mixed, though: one recent study found no significant benefit for youths given the chemical over several days. "
1_2_2,6,"But Pelphrey said oxytocin might help the brain learn from social interactions; it would work best when used together with therapies that encourage people with autism to interact more socially, he said.","But Pelphrey said oxytocin might help the brain learn from social interactions; it would work best when used with therapies that encourage people with autism to engage more socially, he said."
1_2_3,1,,"“Our study shows that oxytocin affects the brain and opens up the possibility that, when combined with behavioral treatments, it works like a social enhancer,” he said. "
1_2_3,2,Scientists tested 17 young people aged eight to 16 with autism. ,The scientists used a technique called functional MRI to scan the brains of 17 youths aged eight to 16 with autism while they looked at images of cars or the eyes of people expressing various emotions. 
1_2_3,3,"They gave them either oxytocin or a placebo through a nose spray. Then, the scientists scanned their brains while they looked at images of cars or the eyes of people expressing different emotions. ",The scans were given 45 minutes after the participants inhaled a placebo or oxytocin through a nasal spray. 
1_2_3,4,The scans showed that some parts of the children's brains behaved more normally after oxytocin: they were more active when the person was looking at faces and less active when the person was looking at the cars.,"The scans showed that reward circuitry in the children's brains behaved more normally after a snort of oxytocin, being more active when the person was looking at faces and less active when viewing the inanimate cars. "
1_2_3,5,,The study appears in the latest issue of the journal Proceedings of the National Academy of Sciences in the United States.
1_2_4,1,"“Our study suggests that oxytocin might treat basic social motivation. This is something for which we don't have a treatment in autism,” said Pelphrey. ","“If our study is replicated, it suggests that oxytocin might treat something for which we don't have a treatment in autism, and that's the core social motivation,” Pelphrey told the Guardian. "
1_2_4,2,He said that it was too early to use oxytocin as a treatment for the social difficulties caused by autism and said people should not buy oxytocin online. ,He warned that it was too early to use oxytocin as a treatment for the social difficulties caused by autism and cautioned against buying oxytocin from suppliers online.
1_2_4,3,“We don't want them to try oxytocin at home.,“We don't want them running out on the basis of this study or any other and trying oxytocin at home. 
1_2_4,4,It is impossible to say what they are buying. ,There is no telling what they are buying. 
1_2_4,5,"This is not a treatment yet. It needs more research,” said Pelphrey. ","We are nowhere near thinking this is a ready treatment. It needs more follow-up research,” said Pelphrey."
1_2_4,6,"“This is an important new study,” said Simon Baron-Cohen, director of the Autism Research Center at Cambridge University."," “This is an important new study in identifying changes in brain activity in key regions of the brain involved in social cognition in autism following oxytocin administration,” said Simon Baron-Cohen, director of the Autism Research Center at Cambridge University."
1_2_5,1,"But, the scientists were surprised to find that oxytocin did not help the children in social recognition tasks. ","A surprising finding, however, is that oxytocin nasal spray did not change performance on the social cognitive task. "
1_2_5,2,It is also not known yet if oxytocin only has benefits for people with autism or has any bad side effects. ,Nor is it clear yet if oxytocin only has benefits for people with autism or has any unwanted side effects. 
1_2_5,3,"Finally, oxytocin effects only last about 45 minutes, so it might be difficult to use it as a treatment. ","Finally, oxytocin effects only last about 45 minutes, so there may be practical considerations as to whether this could be used as a treatment. "
1_2_5,4,"“This study has a lot of evidence from animal and human work to show that oxytocin helps, but we need more research,” said Simon Baron-Cohen.","“From a scientific perspective, this study has a lot of evidence from animal and human work to justify serious attention, but more research is needed. Doctors should be cautious about the clinical potential of this hormone until we know much more about its benefits and risks, in much larger studies,” said Simon Baron-Cohen."
1_2_6,1,"Uta Frith, who studies autism at University College London, said: “According to this study, oxytocin may make faces more interesting. ","Uta Frith, who studies autism at University College London, said: “According to this study, oxytocin may have the effect of making faces more interesting as assessed by greater activity in brain structures concerned with reward evaluation. "
1_2_6,2,"Disappointingly, this effect is seen only in brain activity and not in behavior.” She said that, if we want oxytocin to become a useful treatment for autism, we need to show that is has an effect on behavior.","Disappointingly, this effect is seen only in brain activity and not in behavior. Demonstrating an effect on behavior will be critical if nasal spray treatment is to be of any value.”"
1_3_1,1,They call him the Robin Hood of the banks. He is a man who took out loans for almost half a million euros and never paid the money back. ,"They call him the Robin Hood of the banks, a man who took out dozens of loans, worth almost half a million euros, with no intention of ever paying them back. "
1_3_1,2,Enric Duran gave the money to projects that created and supported alternatives to capitalism. ,"Instead, Enric Duran handed the money out to projects that created and promoted alternatives to capitalism. "
1_3_1,3,"Duran has spent 14 months in hiding. He will not say he is sorry, even though he might go to prison for what he has done. ","After 14 months in hiding, Duran is unapologetic, even though his activities could land him in jail. "
1_3_1,4,"“I'm proud of what I've done,” he said in an interview by Skype from a secret location.","“I'm proud of what I did,” he said in an interview by Skype from an undisclosed location."
1_3_2,1,"From 2006 to 2008, Duran took out 68 loans from 39 banks in Spain. ","From 2006 to 2008, Duran took out 68 commercial and personal loans from 39 banks in Spain. "
1_3_2,2,He gave the money to social activists. They used the money to pay for speaking tours against capitalism and TV cameras for a media network. ,"He farmed the money out to social activists, funding speaking tours against capitalism and TV cameras for a media network. "
1_3_2,3,He said that these social activists didn't have enough money. ,"“I saw that, on one side, these social movements were building alternatives but that they lacked resources and communication capacities,” he said. "
1_3_2,4,"At the same time, he said, the economy was constantly growing, which created money from nothing.","“Meanwhile, our economy was perpetually growing, which lead to a system that created money out of nothing.”"
1_3_3,1,"The loans Duran took out dishonestly from banks were his way of showing that this situation was wrong, he said. ","The loans Duran swindled from banks were his way of regulating and denouncing this situation, he said. "
1_3_3,2,He started slowly. ,He started slowly. 
1_3_3,3,He tried to take out a few bank loans using his real details. The banks said no. ,"“I filled out a few credit applications with my real details. They denied me, but I just wanted to get a feel for what they were asking for.” "
1_3_3,4,"Then, he learned how to get money from the banks. ","From there, the former table-tennis coach began to weave an intricate web of accounts, payments and transfers. "
1_3_3,5,“I was learning all the time.”,“I was learning constantly.” 
1_3_3,6,"By the summer of 2007, he learned how to make the system work – he took out loans under the name of a false television production company.","By the summer of 2007, he had discovered how to make the system work, applying for loans under the name of a false television production company. "
1_3_3,7," This way, he got a lot of money.","“Then, I managed to get a lot.” "
1_3_3,8," €492,000, to be exact.","€492,000, to be exact."
1_3_4,1,Duran was arrested in Spain in 2009. ,"Duran was arrested in Spain in 2009, on charges brought against him by six of the 39 banks that had lent him money. "
1_3_4,2,"He spent two months in prison; then, they let him out on €50,000 bail.","He spent two months in prison before being bailed for €50,000."
1_3_4,3,"In February 2013, with the possibility of up to eight years in prison, he decided to run away. ","In February 2013, facing up to eight years in prison, he decided to flee rather than stand trial."
1_3_4,4,," “I don't see legitimacy in a judicial system based on authority, because I don't recognize its authority,” he said. "
1_3_4,5,His actions in 2006 to 2008 made many people notice the anti-capitalist movement for the first time. ,"His actions, he said, were in the vanguard of a worldwide debate on the economic crisis. "
1_3_4,6,This happened at a time when many Spanish people were looking for alternatives to a system that has caused problems in their lives.,"The timing pushed the anti-capitalist movement into the light, just as many Spaniards were seeking alternatives to a system that had wreaked havoc on their lives."
1_3_5,1,"In today's Spain, thousands of people support the anti-capitalist movement and groups such as the Indignados. ","While the same actions would probably be better understood in today's Spain, he said that they would not be needed. The anti-capitalist movement has grown from a fringe movement to one supported by thousands of Spaniards, he said, evidenced by the widely supported movements such as the Indignados. "
1_3_5,2,,"Duran is widening his focus to include Spain's justice system, by promoting restorative justice. "
1_3_5,3,,"“The people in Spain who believe that banks don't work, they think that I don't owe anything. I also think that,” he said. "
1_3_5,4,,“But there is a part of a population that is not in agreement with us and I think I should respond to that.”
1_3_5,5,Duran says he does not want to give back the money to the banks but he can offer them something. ," In his case, he said, the element of reciprocity he could offer to banks might lie in the insight he gleaned from years of obtaining bank loans fraudulently. "
1_3_5,6,"He learned a lot in the years when he was taking loans out dishonestly, so he can show the banks how they can improve things for people in general and for bank workers.","He could share his thoughts on “which best practices work and the bad ones that don't, for the general population and for bank workers”."
1_4_1,1,"One day, drones could deliver packages to your home. When will this happen? ",How far away are we from a world where drones deliver packages?
1_4_1,2,"If you believe Amazon, it will be soon. "," If Amazon is to be believed, not far at all. "
1_4_1,3,"Other people are not so sure. They have to invent the right technology but, also, they have to consider public safety. ",Others are not so sure: technical progress past this point isn't merely a matter of invention; it's a matter of public safety. 
1_4_1,4,Amazon says that they will be ready as soon as the Federal Aviation Authority (FAA) introduce rules for using drones. The FAA will finally introduce rules for using unmanned aircraft by June 2016. ,"Paul Misener, Amazon's vice-president of global public policy, told a congressional hearing recently that his company would be ready as soon as all the rules were in place. The Federal Aviation Authority (FAA) will finally have regulations governing the commercial use of unmanned aircraft by June 2016. "
1_4_1,5,But the technology has a long way to go before then and larger machines aren't legal yet – only drones up to 25kg will be legal. And the FAA says in the rules they want to introduce that drones will all have to use different radio frequencies that nobody can block or hijack.,"But the technology has a long way to go before then and larger machines aren't airway-legal at all yet – only drones up to 25kg will be covered and the FAA points out in the proposed rules that, if you're going to crowd the skies with radio-controlled flying robots, they had better all be using different radio frequencies that nobody can jam or hijack."
1_4_2,1,"Professor Sanjiv Singh, who works for delivery company NearEarth, said that flying drones is quite simple – you just give it some basic instructions: go to this height, do this short task, go back home. ","Professor Sanjiv Singh, who runs a cargo delivery company called NearEarth, said that piloting a state-of-the-art drone was a little more like leaving it a trail of breadcrumbs: go to this altitude, perform this short task, go back home. "
1_4_2,2,"But even short flights from a mobile landing place could cause serious problems, he said. ","But even short flights from a mobile landing pad pose serious logistical problems, he said. "
1_4_2,3,"“They're not planning to deliver in areas where nobody lives; they're planning to deliver from a warehouse to the consumer, which will probably be in a town or city,” he said. ","“They're not proposing to deliver from one uninhabited place to another uninhabited place; they're proposing to deliver from a warehouse to where the consumer is, which is likely an urban area,” he said. "
1_4_2,4,"“The drone will have to see hazards. Maybe there will be things that the map doesn't know about. Maybe there will be construction equipment that wasn't there but is there now. Maybe GPS signals will be blocked so it's going to have an incorrect idea about where it is.” All this can be solved, he said – but it's difficult.","“There are going to be hazards along the way that the vehicle is going to have to detect. Maybe there will be terrain that the map doesn't know about. Even then, maybe there's construction equipment that wasn't there but is there now. Maybe GPS signals are blocked, in which case it's going to have an incorrect idea about where it is.” All this is surmountable, he said – but it's difficult."
1_4_3,1,One big problem is keeping radio contact with a drone and planning for what happens if that contact breaks. ,One major problem is maintaining radio contact with a drone and planning for what happens if that contact breaks. 
1_4_3,2,"”If a drone loses radio contact, it will keep going and crash into the ground,” said robot expert Daniel Huber. ","“If you have an off-the-shelf UAV (unmanned aerial vehicle), it'll just keep going and crash into the ground,” said roboticist Daniel Huber. "
1_4_3,3,"“We already have most of the technology we need,” said Huber. ","“Technologically, most of the things that are needed for this are in place,” said Huber. "
1_4_3,4,"He is working on a program that will use drones to check telephone lines, bridges and so on. ","He is working on a program that proposes using drones to inspect infrastructure – pipelines, telephone lines, bridges and so on. "
1_4_3,5,“We can make drones fly around a certain area and look at every surface.”,“We've developed an exploration algorithm where you draw a box around an area and it'll autonomously fly around that area and look at every surface and then report back.”
1_4_4,1,"Huber said about Amazon: “They say that many packages are light – a drone can carry a kilogram for 15 minutes. If you have a vehicle that can go into a neighborhood, it can deliver from that vehicle. You need a 15-minute distance, and typical drones have about that distance.”","Huber said about Amazon: “I have heard them say that many packages are lightweight – a drone can carry a kilogram for 15 minutes. If you have a vehicle that can go into a neighborhood, it can deliver from that base. You need a 15-minute distance and typical off-the-shelf drones have about that distance.” "
1_4_4,2," It's one way, he said, to make sure people are safe. “The larger the distance, the more dangerous it becomes.” ","It's one way, he said, of making sure the surrounding population is relatively safe. “The larger the distance the drone travels, the more dangerous it becomes.” "
1_4_4,3,"Of course, safety is still a big worry – Singh points out that for a passenger airplane to be allowed to fly, it can only have one serious failure every one million hours. ","Of course, safety remains a major concern – Singh points out that, for a commercial aircraft to be considered skyworthy, it has to prove a rate of one serious failure every one million hours. "
1_4_4,4,"Drones, he said, are much less safe. “The Reaper drone, for example, has one failure in 10,000 hours,” Singh said.","Drones, he said, are “one or two orders of magnitude away” from that benchmark. “The Reaper drone has one failure in 10,000 hours,” Singh said. "
1_4_4,5,,"An oil leak, by the way, doesn't count as catastrophic failure – something has to fall out of the sky."
1_4_5,1,Part of the reason for this is simply that air travel is dangerous so standards are much higher. ,"Part of this is simply that air travel is inherently dangerous and, thus, standards are much higher. "
1_4_5,2,"“If you fly a passenger airplane, often they will say, ‘Oh, a small part isn't working; we have to go back,'” Singh said. ","“If you fly commercial airlines, often they'll say, 'Oh, a small component has failed – we have to go back to the gate,'” Singh said. "
1_4_5,3,“And people have been flying passenger airplanes for 60 years! I hate to think that a drone might come down on a busy road.” ,“And that's an established industry with 60 years of legacy! I shudder to think that one of these things might come down on a crowded highway.” 
1_4_5,4,"Part of the solution, Singh said, is planning for every situation: “If things fail, the drone has to do something sensible.”","Part of the solution, Singh said, is comprehensive contingency planning: “If things fail, the vehicle has to do something reasonable.”"
1_5_1,1,"Illegal downloading is morally wrong, and it is theft, the same as how putting your hand in someone's pocket and stealing their wallet is theft, says author Philip Pullman. ","Illegal downloading is a kind of “moral squalor” and theft, as much as reaching in to someone's pocket and stealing their wallet is theft, says author Philip Pullman. "
1_5_1,2,"In an article for the magazine Index on Censorship, Pullman, who is president of the Society of Authors, strongly defends copyright laws. ","In an article for Index on Censorship, Pullman, who is president of the Society of Authors, makes a robust defence of copyright laws. "
1_5_1,3,He criticizes Internet users who think it is OK to download music or books without paying for them.,He is highly critical of Internet users who think it is OK to download music or books without paying for them.
1_5_2,1,"“The technology is so dazzling that people can't see that what they're doing is morally wrong,” he writes. ","“The technical brilliance is so dazzling that people can't see the moral squalor of what they're doing,” he writes. "
1_5_2,2,"“It is outrageous that anyone can steal an artist's work without punishment. It is theft, just as putting your hand in someone's pocket and taking their wallet is theft.” ","“It is outrageous that anyone can steal an artist's work and get away with it. It is theft, as surely as reaching into someone's pocket and taking their wallet is theft.” "
1_5_2,3,His article comes after music industry leaders met British Prime Minister David Cameron in Downing Street to discuss the issue of web piracy. ,"His article comes after music industry leaders met British Prime Minister David Cameron in Downing Street, where the issue of web piracy was discussed. "
1_5_2,4,"Pullman, writer of the His Dark Materials trilogy, says authors and musicians work in poverty for years to bring their work to the level “that gives happiness to their audiences and, when they achieve that, the possibility of making money from it is taken away from them”. ","Pullman, writer of the His Dark Materials trilogy, says authors and musicians work in poverty and obscurity for years to bring their work to the level “that gives delight to their audiences and, as soon as they achieve that, the possibility of making a living from it is taken away from them”. "
1_5_2,5,"He concludes: “If we want to enjoy the work that someone does, we should pay for it.”","He concludes: “The principle is simple, and unaltered by technology, science or magic: if we want to enjoy the work that someone does, we should pay for it.”"
1_5_3,1,"Pullman is writing in the next issue of the campaign group's magazine in a dialogue with Cathy Casserly, chief executive of Creative Commons. ","Pullman is writing in the next issue of the campaign group's magazine in a dialogue with Cathy Casserly, chief executive of Creative Commons, which offers open content licenses “that lets creators take copyright into their own hands”. "
1_5_3,2,"Casserly argues that there is a lot wrong with copyright, which was created a long time ago. ","Casserly argues that there is much wrong with copyright, which was created “in an analog age”. "
1_5_3,3,"Casserly writes: “Copyright closes the door on the many ways that people can share, build upon and remix each other's work, possibilities that we could not imagine when those laws were made.” ","Casserly writes: “By default, copyright closes the door on countless ways that people can share, build upon and remix each other's work, possibilities that were unimaginable when those laws were established.” "
1_5_3,4,She says artists need to think creatively about how they earn money from their work.,"She says artists need to think creatively about how they distribute and monetize their work, quoting the science fiction writer Cory Doctorow, who said: “My problem is not piracy, it's obscurity.”"
1_5_4,1,Index on Censorship agrees. ,Index on Censorship agrees. 
1_5_4,2,"The magazine's editor, Rachael Jolley, said: “Illegal downloading is a very big problem.” ","The magazine's editor, Rachael Jolley, said: “Existing copyright laws don't work in the digital age and risk criminalizing consumers. We need new models for how artists, writers and musicians earn a living from their work.” "
1_5_4,3,,The scale of illegal downloading vast.
1_5_4,4,,"Data collected by Ofcom (the competition authority for the UK communications industries) suggests that, "
1_5_4,5,"Between November 2012 and January 2013 in the UK, 280 million music tracks were digitally pirated along with 52 million TV shows, 29 million films, 18 million ebooks and 7 million software or games files. ","between November 2012 and January 2013 in the UK, 280 million music tracks were digitally pirated, along with 52 million TV shows, 29 million films, 18 million ebooks and 7 million software or games files. "
1_5_4,6,"18% of Internet users aged over 12 say they have pirated items, and 9% say they are afraid they will get caught.","Ofcom has said 18% of Internet users aged over 12 admit to having recently pirated content, and 9% say they fear getting caught. "
1_5_4,7,Pullman writes in his article: “The ease and speed with which people can get music in MP3 is still very surprising to people like me who have been building up their iTunes list for some time.”,Pullman writes in his article: “The ease and swiftness with which music can be acquired in the form of MP3 downloads is still astonishing to those of us who have been building up our iTunes list for some time.”
1_5_5,1,"After the Downing Street meeting, Cameron asked the Conservative member of parliament Mike Weatherley to be his adviser on the subject. ",One thing to emerge from the Downing Street meeting was Cameron's appointment of the Conservative Member of Parliament Mike Weatherley to be his adviser on the subject. 
1_5_5,2,"The BPI, an organization that supports music companies, said: “Mike Weatherley is a strong supporter of copyright and the artists and creative producers it's there to protect. ","A spokesman for the BPI, the record industry trade body, said: “Mike Weatherley is a strong champion of copyright and the artists and creative producers it's there to protect. "
1_5_5,3,We hope Weatherley's influence and the prime minister's support for copyright will change what the government does about illegal downloading in the UK.”,We hope Weatherley's influence and the prime minister's endorsement of copyright will be brought to bear on the approach of the UK's intellectual property office.”
1_6_1,1,Scientists have taken DNA from the tooth of a European hunter-gatherer and have found out what modern humans looked like before they started farming. ,DNA taken from the wisdom tooth of a European hunter-gatherer has given scientists an unprecedented glimpse of modern humans before the rise of farming. 
1_6_1,2,"The Mesolithic man, who lived in Spain about 7,000 years ago, had an unusual mix of blue eyes, black or brown hair and dark skin. ","The Mesolithic man, who lived in Spain around 7,000 years ago, had an unusual mix of blue eyes, black or brown hair and dark skin, according to analyses of his genetic make-up. "
1_6_1,3,He was probably lactose intolerant and could not digest starchy foods easily.,He was probably lactose intolerant and had more difﬁculty digesting starchy foods than the farmers who transformed diets and lifestyles when they took up tools in the ﬁrst agricultural revolution.
1_6_2,1,The invention of farming brought humans and animals much closer and humans probably developed stronger immune systems to ﬁght infections from the animals. ,The invention of farming brought humans and animals into much closer contact and humans likely evolved more robust immune systems to fend off infections that the animals passed on. 
1_6_2,2,But the change to humans' immune systems may not be as big as scientists thought – tests on the hunter-gatherer's DNA found that he already had genes that made his immune system strong. ,"But scientists may have overestimated the impact farming had in shaping the human immune system, because tests on the hunter-gatherer's DNA found that he already carried mutations that boost the immune system to tackle various nasty bugs. "
1_6_2,3,Some of these genes still exist in modern Europeans today. ,Some live on in modern Europeans today. 
1_6_2,4,"“Before we started this work, I had some ideas of what we were going to ﬁnd,” said Carles Lalueza-Fox, who led the study at the Institute of Evolutionary Biology in Barcelona. ","“Before we started this work, I had some ideas of what we were going to ﬁnd,” said Carles Lalueza-Fox, who led the study at the Institute of Evolutionary Biology in Barcelona. "
1_6_2,5,“Most of those ideas turned out to be completely wrong.”,“Most of those ideas turned out to be completely wrong.”
1_6_3,1,The Spanish team started their work after a group of cave explorers found two skeletons in a deep cave high up in the Cantabrian Mountains of northwest Spain in 2006. ,The Spanish team started their work after a group of cavers stumbled upon two skeletons in a deep and complex cave system high up in the Cantabrian Mountains of northwest Spain in 2006. 
1_6_3,2,"The skeletons, which belonged to two men in their early 30s, had been very well preserved in the cool cave. ","The human remains, which belonged to two men in their early 30s, had been extremely well preserved by the cool environment of the cave."
1_6_3,3,"Carbon dating showed the skeletons are around 7,000 years old, from the time before farming arrived in Europe from the Middle East. ","Carbon dating put the remains at around 7,000 years old, before farming had swept into Europe from the Middle East. "
1_6_3,4,"Other things were found in the cave, including reindeer teeth that were hung from the people's clothing.","The timing ﬁtted with ancient artifacts found at the site, including perforated reindeer teeth that were strung and hung from the people's clothing."
1_6_4,1,This discovery is important for science. It is also important to artists who will have to draw Mesolithic people in a new way. ,"On top of the scientiﬁc impact, artists might have to rethink their drawings of the people. "
1_6_4,2,“You see a lot of pictures of these people hunting and gathering and they look like modern Europeans with light skin.,“You see a lot of reconstructions of these people hunting and gathering and they look like modern Europeans with light skin.
1_6_4,3,"You never see a picture of a Mesolithic hunter-gatherer with dark skin and blue eyes,” Lalueza-Fox said. ","You never see a reconstruction of a Mesolithic hunter-gatherer hunter-gatherer with dark skin and blue eye color,” Lalueza-Fox said. "
1_6_4,4,The Spanish team compared the hunter-gatherer to modern Europeans from different regions to see how they might be related. ,The Spanish team went on to compare the genome of the hunter-gatherer to those of modern Europeans from different regions to see how they might be related. 
1_6_4,5,"They found that the ancient DNA was most closely related to the DNA of people living in northern Europe, in particular Sweden and Finland.","They found that the ancient DNA most closely matched the genetic makeup of people living in northern Europe, in particular Sweden and Finland."
1_7_1,1,"An octopus has escaped from the National Aquarium in New Zealand. It escaped from its tank, slid down a 50-meter drainpipe and disappeared into the sea.","An octopus has made a brazen escape from the National Aquarium in New Zealand by breaking out of its tank, slithering down a 50-meter drainpipe and disappearing into the sea. "
1_7_1,2, Inky – a common New Zealand octopus – escaped after someone left the lid of his tank open. ,"In scenes reminiscent of Finding Nemo, Inky – a common New Zealand octopus – made his dash for freedom after the lid of his tank was accidentally left slightly ajar. "
1_7_1,3,"Staff at the aquarium believe that, in the middle of the night, when there was no-one in the building, Inky climbed down the side of the tank and traveled across the floor. ","Staff believe that in the middle of the night, while the aquarium was deserted, Inky clambered to the top of his glass enclosure, down the side of the tank and traveled across the floor of the aquarium. "
1_7_1,4,"Rob Yarrell, national manager of the National Aquarium of New Zealand in Napier, said: “Octopuses are famous for their ability to escape. ","Rob Yarrell, national manager of the National Aquarium of New Zealand in Napier, said: “Octopuses are famous escape artists. "
1_7_1,5,"I don't think he was unhappy with us, or lonely, because octopuses like to live alone. But, he is such a curious boy. ","I don't think he was unhappy with us, or lonely, as octopuses are solitary creatures. But, he is such a curious boy. "
1_7_1,6,He would want to know what's happening on the outside. ,He would want to know what's happening on the outside. 
1_7_1,7,That's his personality.”,That's just his personality.”
1_7_2,1,"One idea is that Inky crossed the aquarium floor – a journey of three or four meters – and then, he realized that freedom was very near so he entered a drainpipe that led directly to the sea. ","One theory is that Inky slid across the aquarium floor – a journey of three or four meters – and then, sensing freedom was at hand, into a drainpipe that led directly to the sea. "
1_7_2,2,"The drainpipe was 50 meters long and opened into Hawke's Bay, on the east coast of New Zealand's North Island.","The drainpipe was 50 meters long and opened onto the waters of Hawke's Bay, on the east coast of New Zealand's North Island. "
1_7_2,3,"It is also possible that Inky escaped through an open pipe at the top of his tank, which led under the floor to the drain. ","Another possible escape route could have involved Inky squeezing into an open pipe at the top of his tank, which led under the floor to the drain. "
1_7_2,4,"“When we came in the next morning and his tank was empty, I was really surprised,” said Yarrell, who has not started looking for Inky. ","“When we came in the next morning and his tank was empty, I was really surprised,” said Yarrell, who has not launched a search for Inky. "
1_7_2,5,“The staff and I have been sad. ,“The staff and I have been pretty sad. 
1_7_2,6,"But then, this is Inky and he's always been a bit of a surprise octopus.”","But then, this is Inky and he's always been a bit of a surprise octopus.”"
1_7_3,1,"Reiss Jenkinson, a keeper at the National Aquarium, said he was absolutely certain Inky was not stolen. ","Reiss Jenkinson, exhibits keeper at the National Aquarium, said he was absolutely certain Inky had not been taken. "
1_7_3,2,"“I understand octopus behavior very well,” he said. ","“I understand the nature of octopus behavior very well,” he said. "
1_7_3,3,“I have seen octopuses on boats escape through waste pumps. ,“I have seen octopuses on boats slip through bilge pumps. 
1_7_3,4,"And, the security here is too good for anyone to take Inky and why would they?” ","And, the security here is too tight for anyone to take Inky and why would they?” "
1_7_3,5,"Because octopuses have no bones, they can fit into very small spaces and can squeeze through gaps the size of coins. ","Because octopuses have no bones, they are able to fit into extremely small spaces and have been filmed squeezing through gaps the size of coins. "
1_7_3,6,They are also very intelligent and able to use tools. ,They are also understood to be extremely intelligent and capable of using tools. 
1_7_3,7,"At the Island Bay Marine Education Center in Wellington, an octopus visited another tank every night to steal crabs, then return to its own tank. ","At the Island Bay Marine Education Center in Wellington, an octopus was found to be in the habit of visiting another tank overnight to steal crabs, then returning to its own. "
1_7_3,8,"Another octopus at the center, Ozymandias, broke a world record for opening a jar.","Another at the center, Ozymandias, was thought to have broken a world record for opening a jar before it was released into the ocean."
1_7_4,1,Inky was brought to the National Aquarium several years ago by a local fisherman who found him in a fishing pot. ,Inky was brought to the National Aquarium a number of years ago by a local fisherman who found him caught in a crayfish pot. 
1_7_4,2,,"He was scarred and “rough looking”, said Yarrell. "
1_7_4,3,"Yarrell said, “He lived on the reef and fought with fish so he wasn't in a good shape.” ",“He had been living on the reef and fighting with fish so he wasn't in the best shape.” 
1_7_4,4,"According to Yarrell, Inky – who is about the size of a rugby ball – was an “unusually intelligent” octopus. ","According to Yarrell, Inky – who is about the size of a rugby ball – was an “unusually intelligent” octopus. "
1_7_4,5,“He was very friendly and a popular attraction here. ,"“He was very friendly, very inquisitive and a popular attraction here. "
1_7_4,6,"We have another octopus, Blotchy, but he is smaller than Inky and Inky had the personality.”","We have another octopus, Blotchy, but he is smaller than Inky and Inky had the personality.” "
1_7_4,7, The aquarium has no plans to increase security as a result of the escape but the staff now know “what octopuses can do” so they will be more careful. ,The aquarium has no plans to step up security as a result of the escape as Inky was a “one-off” but the staff are “increasingly aware of what octopuses can actually do”. 
1_7_4,8,"The aquarium is not looking for another octopus but, if a fisherman brought in another octopus, the aquarium might take it.","Although the aquarium is not actively searching for a replacement for Inky, if a fisherman brought in another octopus, it might be willing to take it on."
1_8_1,1,"Do you want your child to be good at sports, play for the school team and, maybe one day, even be in international competitions? ","Do you want your child to be good at sports, make the school team and, maybe one day, even compete on the world stage? "
1_8_1,2,"Well, try to make sure that your child is born in November or October. ","Well, try to ensure that your would-be Olympian or World Cup winner is born in November or, failing that, in October. "
1_8_1,3,A study has found that schoolchildren born in November or October are fitter than everyone else in their class. ,A study has found that school pupils born in those months are fitter than everyone else in their class. 
1_8_1,4,"Children born in November or October were fitter, stronger and more powerful than children born in the other ten months of the year. They are especially fitter, stronger and more powerful than children with birthdays in April or June. ","November- and October-born children emerged as fitter, stronger and more powerful than their peers born in the other ten months of the year, especially those whose birthdays fell in April or June. "
1_8_1,5,Dr. Gavin Sandercock of Essex University found in his study that children born in the autumn had “a clear physical advantage” over their classmates.,"Dr. Gavin Sandercock, who is from the Center for Sports and Exercise Science at Essex University and led the study, found that autumn-born children enjoyed “a clear physical advantage” over their classmates."
1_8_2,1,"The research involved 8,550 boys and girls aged between ten and 16 from 26 state schools in Essex. ","The research involved 8,550 boys and girls aged between ten and 16 from 26 state schools in Essex. "
1_8_2,2,"All were tested between 2007 and 2010 on three different things: stamina, handgrip strength and lower-body power. ","All were tested between 2007 and 2010 on three different measures of fitness: stamina, handgrip strength and lower-body power. "
1_8_2,3,"The results showed that a child's month of birth could make big differences to their levels of fitness, muscle strength and ability to accelerate, all of which predict how good someone is at sports. ","The results revealed that a child's month of birth could make “significant” differences to their levels of cardiovascular fitness, muscle strength and ability to accelerate, all of which predict how good someone is at sports, in which such attributes are vital. "
1_8_2,4,,Performances at school sports days in the weeks ahead may bear out the findings. 
1_8_2,5,November children were the fittest because they had the most stamina and power and were the second strongest. ,November-born children were the fittest overall as they had the most stamina and power and were the second strongest. 
1_8_2,6,"Children born in October were almost as fit – they scored highest for strength and came third for power, with December children close behind.","Those born in October were almost as fit, scoring highest for strength and coming third for power, with December children close behind."
1_8_3,1,The gap in physical ability between children in the same class but born in different months was sometimes very wide. ,The gap in physical prowess between children in the same class but born in different months was sometimes very wide. 
1_8_3,2,"“For example, we found that a boy born in November can run at least 10% faster, jump 12% higher and is 15% more powerful than a child of the same age born in April. ","“For example, we found that a boy born in November can run at least 10% faster, jump 12% higher and is 15% more powerful than a child of the same age born in April. "
1_8_3,3,"This is a huge physical advantage,” said Sandercock.","This is, potentially, a huge physical advantage,” said Sandercock. "
1_8_3,4, These gaps could decide who became a top-level top-level athlete because “selection into elite sports may often depend on very small differences in a person's physical performance”. ,"Such gaps could ultimately decide who became a top-level athlete because, as the paper says, “selection into elite sports may often depend on very small margins or differences in an individual's physical performance”. "
1_8_3,5,"The study found that, when scores for the three kinds of fitness were put together, children born in April were the least fit, followed by children born in June.","The study, which has been published in the International Journal of Sports Medicine, found that, when scores for the three kinds of fitness were combined, those born in April were the least fit, then those in June. "
1_8_3,6,,"That could see those children excluded from school teams and becoming sporting underachievers, Sandercock said."
1_8_4,1,"The findings seem to show that children born in the early months of the school year enjoy a double “autumn advantage” – we already know that they have an academic advantage and, now, they also seem to be better at sports, too. ","The findings seem to show that children born in the early months of the school year enjoy a double “autumn advantage” – they are already known to have an academic advantage and, now, they also appear to be better equipped for sports, too. "
1_8_4,2,The authors of the study believe that the most likely explanation is that children born in autumn get more vitamin D over the summer months towards the end of pregnancy. ,"The authors believe that autumn-born children's greater exposure over the summer months, towards the end of pregnancy, to vitamin D is the most likely explanation. "
1_8_4,3,"John Steele, chief executive of the Youth Sport Trust, said the quality of a young person's introduction to sports at school can be “a major factor” in their sporting development. ","John Steele, chief executive of the Youth Sport Trust, said the quality of a young person's introduction to sports at school can be “a major factor” in their sporting development. "
1_8_4,4,"“Children that get a high-quality first experience will have greater agility, balance and coordination, and are more likely to develop an enjoyment of physical activity and be good at sports as they grow up”, he said.","“Children that get a high-quality first experience, which develops their physical literacy, are those that will have greater agility, balance and coordination, and are more likely to develop an enjoyment of physical activity and excel in sports as they grow up”, he said."
1_8_5,1,"UK Sport could not say if a majority of the 1,300 athletes it gives money to were born in November and October. ","UK Sport could not say if a disproportionately high number of the 1,300 athletes across 47 sports it funds were born in November and October. "
1_8_5,2,"Natalie Dunman, its head of performance, said that the differences shown in the new study were true for teenagers in junior-level competitions, but that the differences disappear before athletes were in adult competitions. ","Natalie Dunman, its head of performance pathways, said that, while the differences highlighted in the new findings were borne out by teenagers competing in junior-level competitions, they had disappeared by the time athletes were taking part in adult competitions. "
1_8_5,3,"She said: “With adult athletes, there are many factors that make a champion and we don't think that month of birth is one of the key ingredients.”","She said: “Looking at elite, senior athletes, there are many factors that go into making a champion and our work hasn't uncovered anything to suggest that month of birth is one of the key ingredients.”"
1_9_1,1,"Many of us know we don't get enough sleep, but imagine if there was a simple solution: getting up later. ","Lots of us know we are sleep-deprived, but imagine if we could fix it with a fairly simple solution: getting up later. "
1_9_1,2,"In a speech at the British Science Festival, Dr. Paul Kelley from Oxford University said schools should stagger their starting times to work with the natural rhythms of their students. ","In a speech at the British Science Festival, Dr. Paul Kelley, clinical research associate at the Sleep and Circadian Neuroscience Institute at Oxford University, called for schools to stagger their starting times to work with the natural biological rhythms of their students. "
1_9_1,3,"This would improve exam results and students' health (lack of sleep can cause diabetes, depression, obesity and other health problems).","It would improve cognitive performance, exam results and students' health (sleep deprivation has been linked with diabetes, depression, obesity and an impaired immune system)."
1_9_2,1,"Dr. Kelley said that, when children are around ten, their natural wake-up time is about 6.30am; at 16, this rises to 8am; and, at 18, a person's natural waking hour is 9am, although you may think they are just a lazy teenager. ","It follows a paper, published in 2014, in which he noted that, when children are around ten, their biological wake-up time is about 6.30am; at 16, this rises to 8am; and, at 18, someone you may think of as a lazy teenager actually has a natural waking hour of 9am. "
1_9_2,2,"The normal school starting time works for 10-year-olds but not for 16- to 18-year-olds. For the older teenagers, it might be better to start the school day at 11am or even later. ","The conventional school starting time works for 10-year-olds but not 16- to 18-year-olds. For the older teenagers, it might be more sensible to start the school day at 11am or even later. "
1_9_2,3,"“A 7am wake-up time for older teenagers,” says Kelley, “is the same as a 4.30am start for a teacher in their 50s.”","“A 7am alarm call for older adolescents,” Kelley and his colleagues pointed out in the paper, “is the equivalent of a 4.30am start for a teacher in their 50s.”"
1_9_3,1,He says the solution is not to tell teenagers to go to bed earlier. ,He says it's not as simple as persuading teenagers to go to bed earlier. 
1_9_3,2,"“The body's natural rhythm is controlled by a particular kind of light,” says Kelley. ","“The body's natural rhythm is controlled by a particular kind of light,” says Kelley. "
1_9_3,3,,“The eye doesn't just contain rods and cones; it contains cells that then report to the suprachiasmatic nuclei in the hypothalamus.” 
1_9_3,4,“The eye has cells that report to a part of the brain that controls our sleep rhythms over a 24-hour cycle.,This part of the brain controls our circadian rhythms over a 24-hour cycle. 
1_9_3,5, It's like saying: ‘Why can't you control your heartbeat?'”,It's like saying: ‘Why can't you control your heartbeat?'”
1_9_4,1,But it isn't just students who would benefit from a later start. ,But it isn't just students who would benefit from a later start. 
1_9_4,2,Kelley says the working day should be more linked to our natural rhythms. ,Kelley says the working day should be more forgiving of our natural rhythms. 
1_9_4,3,"Describing the average sleep loss per night for different age groups, he says: “Between 14 and 24, people lose more than two hours. ","Describing the average sleep loss per night for different age groups, he says: “Between 14 and 24, it's more than two hours. "
1_9_4,4,"For people aged between 24 and about 30 or 35, they lose about an hour and a half. ","For people aged between 24 and about 30 or 35, it's about an hour and a half. "
1_9_4,5,That can continue up until you're about 55 when it's in balance again. ,That can continue up until you're about 55 when it's in balance again. 
1_9_4,6,The 10-year-old and 55-year-old wake and sleep naturally at the same time.”,The 10-year-old and 55-year-old wake and sleep naturally at the same time.”
1_9_5,1,,"This might be why, he adds, the traditional nine to five is so ingrained; it is maintained by bosses, many of them in their mid-50s and upwards because “it is best for them”. "
1_9_5,2,"So, should workplaces have staggered starting times, too? ","So, should workplaces have staggered starting times, too? "
1_9_5,3,"Should people in their 50s and above come in at 8am, people in their 30s start at 10am and the teenage apprentice at 11am? ","Should those in their 50s and above come in at 8am, while those in their 30s start at 10am and the teenage intern or apprentice be encouraged to turn up at 11am? "
1_9_5,4,Kelley says that synchronized hours could have “many positive effects. ,Kelley says that synchronized hours could have “many positive consequences. 
1_9_5,5,"The positive side is that people's performance, mood and health will improve. ","The positive side of this is people's performance, mood and health will improve. "
1_9_5,6,"It's very positive because it's a solution that will make people less ill, and happier and better at what they do.”","It's very uplifting in a way because it's a solution that will make people less ill, and happier and better at what they do.”"
1_9_6,1,"There would probably be fewer accidents because drivers would be more awake, he says. ","There would probably be fewer accidents as drivers would be more alert, he says. "
1_9_6,2,It could mean the end of rush hour because people would stagger their work times and the times of their school run. ,It could spell the end of rush hour as people stagger their work and school-run times. 
1_9_6,3,"A later start to the day for many, says Kelley, “is something that would benefit all people, particularly families. ","A later start to the day for many, says Kelley, “is something that would benefit everyone, particularly families. "
1_9_6,4,Parents go and try to wake up teenagers who are waking up three hours too early. It creates problems for everybody.” ,Parents go and try to wake up teenagers who are waking up three hours too early. It creates tensions for everybody.” 
1_9_6,5,"So, what time does Kelley start work? ","So, what time does Kelley start work? "
1_9_6,6,“I am 67 so that means I'm like a 10-year-old and I get up just after six. ,“I am 67 so that means I'm back to being ten years old and I get up just after six.
1_9_6,7,I wake naturally.” ,I wake naturally.” 
1_9_6,8,"And, yes, he says he finds the start of his working day much easier now than when he was younger.","And, yes, he says he finds the start of his working day much easier now than he did when he was younger."
2_10_1,1,,"Crunchy, full of protein and to be found under a rock near you. "
2_10_1,2,"In the West, people do not usually eat insects. But in some parts of the world, insects are an important food and in spring 2013 there will be an effort to show people that eating insects is not disgusting. And we may soon be able to buy insects in supermarkets. ",Insects have long been overlooked as food in all but a handful of places around the world – but now they are crawling closer and closer to our plates. Spring 2013 will see a drive towards removing the yuck factor and putting insects not just on experimental gastronomic menus but also on supermarket shelves. 
2_10_1,3,"In April, there will be a festival in London, Pestival 2013, where there will be a discussion about the question of eating insects. ","In April, there will be a festival in London, Pestival 2013 – a Wellcome Trust-backed insect appreciation event where the consumption of creepy-crawlies comes high on the agenda. "
2_10_1,4,"The festival will include a restaurant by the Nordic Food Lab, the Scandinavian team behind the Danish restaurant Noma, which brought extremely popular insect dishes to Claridge's hotel in London in 2012.","It will feature a two-day “pop-up” restaurant by the Nordic Food Lab, the Scandinavian team behind the Danish restaurant Noma, which brought ants to the table for a sellout ten-day run at Claridge's hotel in London in 2012."
2_10_2,1,"In March, a BBC documentary will show a food writer eating deep-fried locusts and barbecued spiders. ","In March, a BBC documentary will feature food writer Stefan Gates searching out and eating deep-fried deep-fried locusts and barbecued tarantulas. "
2_10_2,2,"But, behind all the jokes there is a very serious message. ","But, behind all the gimmicks and jokes about flies in the soup, there is a deeply serious message. "
2_10_2,3,"Many experts believe that if humans eat insects, it will be very good for the environment. ",Many experts believe there is a clear environmental benefit to humans eating creepy-crawlies. 
2_10_2,4,The UN's Food and Agriculture Organization (FAO) gives money to projects that show people they can eat and farm insects in south-east Asia and Africa. In these places about two billion people already eat insects and larvae as a normal part of their diet. ,"The UN's Food and Agriculture Organization (FAO) has been funding projects since 2011 aimed at promoting the eating and farming of insects in south-east Asia and Africa, where an estimated two billion people already eat insects and caterpillar larvae as a regular part of their diet. "
2_10_2,5,"In 2012, the FAO published a list of 1,909 edible species of insect and plans a major international conference on “this valuable food source” in 2013.","In 2012, the FAO published a list of 1,909 edible species of insect and, with sponsorship from the Dutch government, plans a major international conference on “this valuable food source” in 2013."
2_10_3,1,"In the next 30 years, the planet's human population will increase to nine billion. ","Over the next 30 years, the planet's human population will increase to nine billion. "
2_10_3,2,Already one billion people do not get enough food. ,Already one billion people do not get enough food. 
2_10_3,3,"The increase will put more pressure on agricultural land, water, forests, fisheries and resources, and also food and energy supplies. ","The increase will mean more pressure on agricultural land, water, forests, fisheries and biodiversity resources, as well as nutrients and energy supplies. "
2_10_3,4,"The cost of meat is increasing – it costs more money now, but also people have to destroy a lot of rainforest to make fields or to grow food for cows. ","The cost of meat is rising, not just in terms of hard cash but also in terms of the amount of rainforest that is destroyed for grazing or to grow feedstuff for cattle. "
2_10_3,5,Cows also make methane. ,There is also the issue of methane excreted by cows. 
2_10_3,6,"The farming of cows, pigs and sheep makes very large amounts of greenhouse gases – 35% of the planet's methane, 65% of its nitrous oxide and 9% of the carbon dioxide.","The livestock farming contribution, in terms of greenhouse gas emissions, is enormous – 35% of the planet's methane, 65% of its nitrous oxide and 9% of the carbon dioxide."
2_10_4,1,"Edible insects make few gases, contain high-quality protein, vitamins and amino acids, and are good at converting food - they only need a quarter of the food that sheep need to make the same amount of protein. ","Edible insects emit few gases, contain high-quality protein, vitamins and amino acids, and have a high food-conversion rate, needing a quarter of the food intake of sheep, and half of pigs and chickens, to produce the same amount of protein. "
2_10_4,2,You can grow them on organic waste. ,They emit fewer greenhouse gases and less ammonia than cows and can be grown on organic waste. 
2_10_4,3,China is already building huge maggot farms. ,China is already successfully setting up huge maggot farms. 
2_10_4,4,Zimbabwe is growing caterpillars and Laos is developing an insect-harvesting project. ,"Zimbabwe has a thriving mapone caterpillar industry and Laos was given nearly $500,000 by the FAO to develop an insect-harvesting project. "
2_10_4,5,,"It's already big business in the UK, though not always official: a man was recently detained by Gatwick customs as he stepped off a flight from Burkina Faso with 94 kilos of mapone, worth nearly £40,000, in his luggage. "
2_10_4,6,"One study says that eating crickets and locusts, and not eating pork and beef, could help to reduce greenhouse gas emissions by up to 95%.",A study by FoodServiceWarehouse.com suggested that swapping pork and beef for crickets and locusts could help to reduce greenhouse gas emissions by as much as 95%.
2_1_1,1,"There are about 50,000 mystery shopping trips every month in the UK, according to the Mystery Shopping Providers Association. ","There are approximately 50,000 mystery shopping trips carried out every month in the UK, according to the Mystery Shopping Providers Association, and, because more and more spending takes place online, the demand for mystery shoppers is growing. "
2_1_1,2,Mystery shoppers pretend to be a customer in a store but they are really collecting information on how good or bad its service is. The demand for mystery shoppers is growing because online shopping is becoming more popular. ,Mystery shoppers pretend to be a customer in a store but they are really collecting information on how good or bad its service is. 
2_1_1,3,"“Retailers are becoming increasingly aware that shoppers who visit a physical store want a service and an experience they can't get online,” says Simon Boydell, spokesman for Marketforce, which has more than 300,000 mystery shoppers. ","“Retailers are becoming increasingly aware that shoppers who are prepared to set foot in a physical store want a service and an experience they can't get online,” says Simon Boydell, spokesman for Marketforce, which has more than 300,000 mystery shoppers on its books. "
2_1_1,4,“Our clients want to know how well their stores are delivering on that experience.”,“Our clients want to measure how well their stores are delivering on that experience.”
2_1_2,1,"“We assign different store locations to each shopper and rotate them so that they never go back to the same shop within three months,” says Jill Spencer of mystery shopping company ABa. ","“We assign different store locations to each shopper and rotate them so that they never go back to the same shop within three months,” says Jill Spencer of mystery shopping company ABa. "
2_1_2,2,"“Each day, they spend up to eight hours visiting five to ten stores, plus another hour or two writing detailed reports on every part of their visit.” ","“Each day, they typically spend up to eight hours visiting five to ten stores, plus another hour or two filing detailed reports on every aspect of their visit.” "
2_1_2,3,"For that, the mystery shoppers can earn up to £155 a day. ","For that, the mystery shoppers can earn up to £155 a day. "
2_1_2,4,Their expenses are also paid. ,"They are also reimbursed for their gasoline and hotel stays, and compensated for their car depreciation (the shoppers can be expected to drive as many as 20,000 miles a year). "
2_1_2,5,Mystery shoppers who film their visits with a hidden camera can earn even more – around £300 a day.,"Meanwhile, video mystery shoppers, who film their visits with a hidden camera planted in a buttonhole or handbag, can earn even more – around £300 a day."
2_1_3,1,Mystery shoppers are usually repaid any money they spend in the stores.,Shoppers are usually repaid any money they spend in the stores. 
2_1_3,2,"”They usually give me between £5 and £20 to spend at each store, to check the service I receive at the counter,” says mystery shopper Laura. ","“I'm typically given between £5 and £20 to spend at each store, to assess the service I receive at the counter,” says Laura, a 50-year-old mystery shopper from Devon, who has been paid to visit around 7,000 shops since 2001. "
2_1_3,3,,The purchase usually has to be related to a service or a type of product that the retailer wants her to check. 
2_1_3,4,"“I'm always given a specific task, such as buying something from a specific department or a new product range, but within these limitations, I can often buy whatever I want – and keep it.”","“I'm always given a scenario, such as buying something from a specific department or a new product range, but, within that framework, I can often buy whatever I want – and keep it.”"
2_1_4,1,"Like most full-time mystery shoppers, Laura is self-employed. ","Like most full-time mystery shoppers, Laura is self-employed, taking jobs from ABa and other mystery shopping companies as and when they come up. "
2_1_4,2,"She earns around £30,000 to £40,000 a year and that doesn't include all the freebies she gets on the job. ","Her income is typically £30,000 to £40,000 a year and that doesn't include all the freebies she gets on the job. "
2_1_4,3,"“With the perks, it's enough to live on.” ","“With the perks, it's enough to live on. "
2_1_4,4,,But I don't do it because I love shopping. 
2_1_4,5,,"In fact, I hate shopping now. "
2_1_4,6,,"When I'm not working, it pains me to have to go out and buy a pint of milk.” "
2_1_4,7,She finds it satisfying to return to a store where she has previously been a mystery shopper and see standards have improved. ,"She does, however, find it satisfying to return to a store she has previously mystery shopped and see standards have improved. "
2_1_4,8,“I know it must be because of my feedback or why would they pay me to give it? ,“I know it must be because of my feedback or why would they pay me to give it? 
2_1_4,9,,Some of the retailers I shop at win awards for customer service and I think that is down to us mystery shoppers. 
2_1_4,10,I feel I'm not just doing a service for my company; ,I feel I'm not just doing a service to my company; 
2_1_4,11,I'm doing a service for all shoppers everywhere.”,I'm doing a service to all shoppers everywhere.”
2_1_5,1,"More than 500,000 people have registered as mystery shoppers in the UK, but just 10% or less get regular work each month. This has led to a dramatic reduction in payment. ","It's estimated that more than 500,000 people have registered as mystery shoppers in the UK, but just 10% or less manage to get regular work each month and this has led to a dramatic reduction in compensation. "
2_1_5,2,"Before, people were paid and got travel expenses, but now “you often just receive some money towards a purchase,” says Val, a 51-year-old former mystery shopper. ","“Where once you got a fee, reimbursement for your purchase and mileage, you now often just receive a contribution towards a purchase,” says Val, a 51-year-old former mystery shopper. "
2_1_5,3,"Nowadays, mystery shopping companies mostly give freebies as an incentive. ","Nowadays, mystery shopping companies mostly rely on the promise of freebies to incentivize their workers. "
2_1_5,4,"“Marketforce shoppers usually get a couple of pounds for a visit, for their time and effort,” says Boydell. ","“Marketforce shoppers typically get a couple of pounds for a visit as a token gesture for their time and effort,” says Boydell. "
2_1_5,5,"“At the most, we'll pay £15 to £25 plus expenses for a meal for two or a hotel stay, for example. ","“At the most, we'll pay £15 to £25 plus reimbursement for expenses, such as a meal for two or a hotel stay. "
2_1_5,6,We don't directly employ any shoppers so we don't have to pay them the minimum wage.”,We don't directly employ any shoppers so we don't have to pay them the minimum wage.”
2_1_6,1,"Hannah, a 41-year-old lawyer, has made nearly 500 visits for the Mystery Dining Company in her spare time without receiving pay or travel expenses. ","Hannah, a 41-year-old City lawyer, has conducted nearly 500 visits for the Mystery Dining Company in her spare time without receiving remuneration or travel expenses. "
2_1_6,2,She has enjoyed £200 meals at Michelin-starred restaurants and overnight stays at expensive hotels. ,"As a prestigious “platinum diner”, she is regularly hand-picked by the Mystery Dining Company to carry out their most exclusive assignments, enjoying £200 meals at Michelin-starred Mayfair restaurants and overnight stays at boutique hotels. "
2_1_6,3,"But, it can be hard work. ","But there's no such thing as a free lunch, even if you work for a mystery dining company. "
2_1_6,4,"Hannah says she spends two to four hours after each visit writing detailed reports on everything from the quality of the food to specific conversations with staff. And, she always needs to be able to name or describe the staff. ","Hannah says she typically spends two to four hours after each visit writing detailed reports on everything from the quality of the food to specific interactions with staff, whom she always needs to be able to name or “subtly” describe. "
2_1_6,5,She has to memorize all these details while eating her meal because she cannot openly write anything down.,"Trickiest of all, she must memorize all these details while eating her meal – unable, of course, to openly write anything down."
2_2_1,1,Robert Myslajek stops. ,Robert Myslajek stops dead. 
2_2_1,2,"Between two paw prints on a mountain path, the scientist finds what he is looking for. ","Between two paw prints on a muddy mountain track, the scientist finds what he is looking for. "
2_2_1,3,“Droppings!” he says happily. It is so rare to see a wolf that seeing droppings makes it a good day. ,"“Droppings!” he enthuses. Wolf sightings are so rare that the sighting of their feces marks a good day, even for a seasoned tracker. "
2_2_1,4,But it is getting easier to see a wolf. ,But it is getting easier. 
2_2_1,5,"There are now about 1,500 wolves in Poland. ","There are now an estimated 1,500 wolves in Poland."
2_2_1,6,The number has doubled in 15 years. ,The number has doubled in 15 years. 
2_2_1,7,"The wolf, the brown bear, the lynx and the wolverine are Europe's last large predator carnivores. ","Wolves are – along with the brown bear, the lynx and the wolverine – Europe's last large predator carnivores. "
2_2_1,8,"Scientists from Britain, Germany and the Netherlands are coming here to find out how Poland has saved wolves who have a bad reputation even in fairy tales.","Conservationists from Britain, Germany and the Netherlands are beating a path here to find out how Poland has saved this protected species, slandered even in fairy tales."
2_2_2,1,The scientist says wolves can move up to 30 kilometers during a single hunt. ,"The scientist, who is a familiar face on Polish television, says wolves are exceptional animals that are capable of moving up to 30km during a single hunt. "
2_2_2,2,“The pack that he is tracking is a strong group of eight or nine animals. ,"“The Beskidy pack is a strong unit, eight or nine individuals. "
2_2_2,3,"This year, we have recorded five cubs, two young wolves and two adults. ","This year, we have recorded five cubs, two yearlings and two adults. "
2_2_2,4,We track them using special cameras in the forest and by following their prints in the mud and snow. ,We track them using motion-activated cameras in the forest and by following their prints in the mud and snow. 
2_2_2,5,"In each family group, only one pair of adults has cubs each year. ","In each family group, only one pair reproduces, once a year. "
2_2_2,6,All the wolves in the pack look after the young.” ,All pack members care for the young with solidarity and devotion.” 
2_2_2,7,"Myslajek, the son of a shepherd, doesn't understand wolves' bad reputation. ","Myslajek, the son of a shepherd, is puzzled by wolves' bad reputation. "
2_2_2,8,,“Why does one speak of a 'lone-wolf gunman'? 
2_2_2,9,"“Why did we have to have the fairy tale Little Red Riding Hood, with its big bad wolf?” ","Why did we have to have Little Red Riding Hood, with its big bad wolf?” "
2_2_2,10,"He is fascinated by these animals, who remained in the wild 33,000 years ago when other types of dog decided on a much more comfortable life as pets.","He is fascinated by these aloof canines who remained in the wild 33,000 years ago when others decided on a much more comfortable existence as domestic dogs."
2_2_3,1,,Wolves are not pooches. 
2_2_3,2,"Myslajek says only the need to save forests and control the wild animal population can save Europe's wild carnivores, especially the unpopular wolf. ","Myslajek says only scientific arguments – the need to regenerate forests and control the wild animal population – can save Europe's wild carnivores, especially the unpopular wolf. "
2_2_3,3,“Natural predators balance the ecosystem. ,“Natural predators balance the ecosystem. 
2_2_3,4,"They reduce the number of herbivores, which allows trees to grow tall for birds to nest in.” ","They keep herbivores in check, thus allowing trees to grow tall for birds to nest in.” "
2_2_3,5,The ban on wolf hunting in the western Carpathian mountains became law in 1995 and in the whole of Poland in 1998. ,The ban on wolf hunting in the western Carpathian mountains came into force in 1995 and nationwide in Poland in 1998. 
2_2_3,6,There are now wolf packs in nearly all the country's major forests where the wolves exist together with humans.,"There are now resident packs in virtually all the country's major forests. The predators coexist with humans rather than being fenced off, as they are in African safari parks. "
2_2_4,1,The Polish government pays compensation to farmers when a wolf kills their farm animals. ,The Polish government pays compensation for livestock killed by wolves. 
2_2_4,2,Myslajek tells farmers to put up electric fences. ,Myslajek advises farmers on erecting electric fences. 
2_2_4,3,He also tells them to use two things that wolves find scary: strings of small red flags (to keep wolves away from sheep) and the Tatra Mountain Sheepdog.,"He has helped revive the use of two deterrents that, for reasons no one quite understands, wolves find particularly scary: strings of small red flags (hung around sheep pens) and the bark of the fluffy white Tatra Mountain Sheepdog."
2_2_5,1,Poland didn't have many big roads until recently and this has helped wolves. ,The survival of Poland's wolves has been helped by the country's belated infrastructure development. 
2_2_5,2,"In 1989, when the communists left power, Poland had only one motorway. ","In 1989, when the communists relinquished power, Poland had only one motorway. "
2_2_5,3,Major road projects began after Poland joined the European Union in 2004 and they now have to consider wild animals. ,Major road projects – requiring wildlife impact studies – began after Poland joined the European Union in 2004. The country now has one of the highest densities in the world of overhead crossings and underpasses for wild animals. 
2_2_5,4,The way people think about wolves has also changed. ,Attitudes have also changed. 
2_2_5,5,"“For many years, hunting was a part of the culture in Poland. ","“For many years, hunting was cultural. "
2_2_5,6,"In 1975, there were fewer than 100 wolves in Poland.” ","In 1975, there were fewer than 100 wolves in Poland. "
2_2_5,7,,"Beginning in the 1950s, hunting wolves had been encouraged by the authorities. "
2_2_5,8,,They paid a reward for killing a wolf worth a month's salary. 
2_2_5,9,,It was carnage.” 
2_2_5,10,Myslajek says that Polish wolves are much safer now but they are not completely safe. ,Myslajek says the improvement in Polish wolves' survival chances has been considerable but remains fragile. 
2_2_5,11,"Packs go into neighboring countries – Russia, Lithuania and Belarus – where there is still hunting.","Packs are mobile across borders and hunting still goes on in neighboring Russia, Lithuania and Belarus."
2_2_6,1,He says Poland's new government doesn't like wolves. ,"He claims Poland's new government, elected in October 2015, is hostile to wolves. "
2_2_6,2,"“The Environment Minister, Jan Szyszko, is a hunter. ","“The Environment Minister, Jan Szyszko, makes no secret of being a hunter. "
2_2_6,3,"There are 120,000 hunters in Poland and they have a lot of influence. ","There are 120,000 licensed hunters in Poland and they are influential in parliament. "
2_2_6,4,It's not easy to defend wolves. ,Being a wolf advocate is not easy. 
2_2_6,5,You can't say to the politicians that wolves are a big tourist attraction. ,It is not as if you can argue to the politicians that wolves are a big tourist attraction. 
2_2_6,6,Most tourists want to see the animals but wolves stay away from humans. They have a very strong sense of smell.”,Most tourists want to see the animals but wolves stay away from humans. They have a tremendously sensitive sense of smell.”
2_3_1,1,Swedish prisons have a reputation around the world for being liberal and modern. ,Swedish prisons have long had a reputation around the world for being progressive. 
2_3_1,2,But are the country's prisons too soft? ,But are the country's prisons a soft option?
2_3_1,3,"The head of Sweden's prison and probation service, Nils Oberg, said in November 2013 that four Swedish prisons will close because of an “out of the ordinary” drop in the number of prisoners. ","The head of Sweden's prison and probation service, Nils Oberg, announced in November 2013 that four Swedish prisons are to be closed due to an “out of the ordinary” decline in prisoner numbers. "
2_3_1,4,"There has been no fall in crime rates, but, between 2011 and 2012, there was a 6% drop in the number of people in Sweden's prisons, now a little over 4,500. ","Although there has been no fall in crime rates, between 2011 and 2012 there was a 6% drop in Sweden's prisoner population, now a little over 4,500. "
2_3_1,5,,A similar decrease is expected in 2013 and 2014. 
2_3_1,6,"Oberg said he was confused by the drop in numbers, but hoped that the reason was to do with how his prisons are managed. ","Oberg admitted to being puzzled by the unexpected dip, but expressed optimism that the reason was to do with how his prisons are run. "
2_3_1,7,"“We certainly hope that the efforts we put into rehabilitation and into stopping criminals from reoffending has made a difference,” he said.","“We certainly hope that the efforts we invest in rehabilitation and preventing relapse of crime has had an impact,” he said."
2_3_2,1,"“The modern prison service in Sweden is very different from when I joined as a young prison officer in 1978,” says Kenneth Gustafsson, governor of Kumla Prison, Sweden's most secure jail. ","“The modern prison service in Sweden is very different from when I joined as a young prison officer in 1978,” says Kenneth Gustafsson, governor of Kumla Prison, Sweden's most secure jail. "
2_3_2,2,,"However, he doesn't think the system has gone soft. "
2_3_2,3,"“When I joined, prisoners were treated well – maybe too well. ","“When I joined, the focus was very much on humanity in prisons. Prisoners were treated well – maybe too well, some might say. "
2_3_2,4,"But, after high profile escapes in 2004, we had to make the prisons more secure.” ","But, after a number of high-profile escapes in 2004, we had to implement changes to make prisons more secure.” "
2_3_2,5,"In Sweden, prison sentences are not usually for more than ten years. ","The Swedes still managed to maintain a broadly humane approach to sentencing, even of the most serious offenders: jail terms rarely exceed ten years. "
2_3_2,6,Sweden was the first country in Europe to introduce the electronic tagging of criminals and it continues to keep prison sentences short when possible by using community-based punishments. These have stopped many criminals from reoffending.,"Sweden was the first country in Europe to introduce the electronic tagging of convicted criminals and continues to strive to minimize short-term prison sentences wherever possible by using community-based punishments, which have been proven to be more effective at reducing reoffending."
2_3_3,1,"The reoffending rate in Sweden is between 30 and 40% – to compare that with another European country, the number is around half that of the UK. ","The overall reoffending rate in Sweden stands at between 30 and 40% over three years – to compare that with another European country, the number is around half that of the UK. "
2_3_3,2,"One thing that has kept reoffending down and the number of prisoners in Sweden below 70 per 100,000 people is that anyone under 15 cannot be responsible for their crime. ","One likely reason for the relatively low reoffending rate and the low rate of incarceration in Sweden (below 70 per 100,000 head of population) is that the age of criminal responsibility is set at 15. "
2_3_3,3,,"In the UK, for example, children aged ten to 17 and young people under the age of 21 record the highest reoffending rates: almost three quarters and two thirds, respectively. "
2_3_3,4,,A good proportion of these offenders go on to populate adult jails. 
2_3_3,5,"Also, in Sweden, no young person under the age of 21 can be sentenced to life – this is not the same in many other countries – and they try to keep young offenders out of prison.","In Sweden, no young person under the age of 21 can be sentenced to life – this is not the case in many other countries – and every effort is made to ensure that as few juvenile offenders as possible end up in prison."
2_3_4,1,One reason for the drop in prison numbers might be the amount of post-prison support available in Sweden. ,One strong reason for the drop in prison numbers might be the amount of post-prison support available in Sweden. 
2_3_4,2,"A government-run probation service gives treatment programs to offenders with drug, alcohol or violence problems. ","A confident probation service – a government agency – is tasked not only with supervising those on probation but is also guaranteed to provide treatment programs for offenders with drug, alcohol or violence issues. "
2_3_4,3,"Around 4,500 Swedes help the service – they volunteer to make friends with and support offenders. ","The service is assisted by around 4,500 lay supervisors – members of the public who volunteer to befriend and support offenders under supervision. "
2_3_4,4,"“In Sweden, we believe very much in the idea of rehabilitation,” says Gustafsson. ","“In Sweden, we believe very much in the concept of rehabilitation, without being naive of course,” says Gustafsson. "
2_3_4,5,"“Of course, there are some people who will not or cannot change. ",“There are some people who will not or cannot change. 
2_3_4,6,"But, in my experience, most prisoners want to change and we must do what we can to help them.”","But, in my experience, the majority of prisoners want to change, and we must do what we can to help to facilitate that. "
2_3_4,7,,It is not always possible to achieve this in one prison sentence.”
2_4_1,1,"Chemists have waited a long time to find a new element and, now, researchers in Japan, Russia and the US have discovered four. The four new elements will be added to the periodic table. They are the first elements to be added since 2011, when elements 114 and 116 were included. ","Such is the lot of the modern-day chemist: you wait ages for a new element to turn up and then four come along at once. Discovered by researchers in Japan, Russia and the US, the four new elements are the first to be added to the periodic table since 2011, when elements 114 and 116 were included. "
2_4_1,2,"The new elements, all very radioactive, complete the seventh row of the periodic table.","The new elements, all spectacularly short-lived and highly radioactive, complete the periodic table's seventh row and render science textbooks around the world out of date."
2_4_2,1,,"The US-based International Union of Pure and Applied Chemistry (IUPAC), the global organization that governs chemical nomenclature, terminology and measurement, verified the elements on 30 December, 2015 after poring over studies dating back to 2004. The scientists who found them must now come up with formal names to replace the clunky Latin- based placeholders – ununtrium, ununpentium, ununseptium and ununoctium – which reflect their atomic numbers, 113, 115, 117, and 118. The atomic number is the number of protons found in an element's atomic nucleus."
,2,,
,3,,
,4,,